{
    "params": {
        "loss": "huber",
        "max_depth": 3,
        "min_samples_leaf": 17,
        "min_samples_split": 2
    },
    "train": 0.4914105982374359,
    "test": 0.32168569515386
}