{
    "params": {
        "n_estimators": 10,
        "min_samples_split": 2,
        "min_samples_leaf": 10,
        "max_depth": 90,
        "bootstrap": false
    },
    "train": -0.006943545713134799,
    "test": -0.010611198912083139
}